sampling_week,effective_concentration_rolling_average,region
2020-03-04,1.7402185375602597,Nationwide
2020-03-04,1.7402185375602597,Northeast
2020-03-11,12.590344274524805,Nationwide
2020-03-11,12.590344274524805,Northeast
2020-03-18,131.83325822015223,Nationwide
2020-03-18,309.4634634236888,Northeast
2020-03-25,70.2157794735443,Midwest
2020-03-25,447.39776079794615,Nationwide
2020-03-25,1195.112947157351,Northeast
2020-03-25,34.77978564128121,South
2020-03-25,34.29788658991735,West
2020-04-01,125.2599735995284,Midwest
2020-04-01,302.59798492355293,Nationwide
2020-04-01,879.3507746747642,Northeast
2020-04-01,65.3828858966204,South
2020-04-01,68.87268549320574,West
2020-04-08,488.7785295749968,Midwest
2020-04-08,458.257981294956,Nationwide
2020-04-08,1688.6084748596368,Northeast
2020-04-08,55.30579552312313,South
2020-04-08,88.8681449597171,West
2020-04-15,471.8210072241724,Midwest
2020-04-15,572.3337450268574,Nationwide
2020-04-15,1896.6060425450912,Northeast
2020-04-15,128.0146178565862,South
2020-04-15,95.75464223332877,West
2020-04-22,906.37929557705,Midwest
2020-04-22,832.9735595044903,Nationwide
2020-04-22,2294.673012304116,Northeast
2020-04-22,332.6994084948182,South
2020-04-22,190.4381213720527,West
2020-04-29,883.0138350083258,Midwest
2020-04-29,389.889904274263,Nationwide
2020-04-29,872.5012401881039,Northeast
2020-04-29,174.16181225170484,South
2020-04-29,161.22127906400388,West
2020-05-06,539.3008042687566,Midwest
2020-05-06,209.93819460775475,Nationwide
2020-05-06,287.4079168417448,Northeast
2020-05-06,164.63848868734345,South
2020-05-06,144.95367585107064,West
2020-05-13,269.3714609872573,Midwest
2020-05-13,131.67258640888426,Nationwide
2020-05-13,199.6048908684913,Northeast
2020-05-13,116.60172607126746,South
2020-05-13,71.36455844619468,West
2020-05-20,105.62970869872724,Midwest
2020-05-20,65.5853853274863,Nationwide
2020-05-20,110.01218997832582,Northeast
2020-05-20,64.80590539862254,South
2020-05-20,27.28616684337172,West
2020-05-27,79.6913900227819,Midwest
2020-05-27,65.09857688250598,Nationwide
2020-05-27,71.17224274320266,Northeast
2020-05-27,93.7127041406011,South
2020-05-27,31.036521354009324,West
2020-06-03,111.26784901848238,Midwest
2020-06-03,76.72669341111768,Nationwide
2020-06-03,71.54681570933276,Northeast
2020-06-03,122.97746351510608,South
2020-06-03,44.6434451556055,West
2020-06-10,206.21698011910712,Midwest
2020-06-10,111.78306499174144,Nationwide
2020-06-10,73.69131648627503,Northeast
2020-06-10,206.44400632036223,South
2020-06-10,71.49437895071796,West
2020-06-17,132.23732058385556,Midwest
2020-06-17,103.98125871110312,Nationwide
2020-06-17,51.23377647620813,Northeast
2020-06-17,210.6549957197301,South
2020-06-17,90.9723800109482,West
2020-06-24,71.25822403604971,Midwest
2020-06-24,98.26990569972229,Nationwide
2020-06-24,33.198182304201026,Northeast
2020-06-24,218.8008204593372,South
2020-06-24,80.7400538981103,West
2020-07-01,73.3892630056328,Midwest
2020-07-01,153.64592595234626,Nationwide
2020-07-01,41.3189023940128,Northeast
2020-07-01,432.468424163992,South
2020-07-01,49.68151820896276,West
2020-07-08,94.93828720172668,Midwest
2020-07-08,178.18217383686087,Nationwide
2020-07-08,45.79649496887834,Northeast
2020-07-08,457.5663043879601,South
2020-07-08,48.28295100265229,West
2020-07-15,148.27773524896568,Midwest
2020-07-15,226.1201768135228,Nationwide
2020-07-15,49.38662394283869,Northeast
2020-07-15,589.3721721608875,South
2020-07-15,66.79723359628105,West
2020-07-22,148.16474138360445,Midwest
2020-07-22,159.67352815263493,Nationwide
2020-07-22,44.31860850715666,Northeast
2020-07-22,376.6807810291008,South
2020-07-22,94.2292563770665,West
2020-07-29,131.56902296542006,Midwest
2020-07-29,150.36589323201,Nationwide
2020-07-29,59.91540849407204,Northeast
2020-07-29,356.51543678929164,South
2020-07-29,88.07853001735047,West
2020-08-05,167.90873942851488,Midwest
2020-08-05,165.75808327981815,Nationwide
2020-08-05,77.36368463937983,Northeast
2020-08-05,302.2960344769502,South
2020-08-05,96.170434887841,West
2020-08-12,163.60345426308947,Midwest
2020-08-12,126.12646748447676,Nationwide
2020-08-12,50.32296626222695,Northeast
2020-08-12,197.77471605661708,South
2020-08-12,99.7514847370198,West
2020-08-19,139.87163181464197,Midwest
2020-08-19,106.63117293995316,Nationwide
2020-08-19,38.05441702553564,Northeast
2020-08-19,170.48696906092172,South
2020-08-19,83.35694197397315,West
2020-08-26,146.3990532352995,Midwest
2020-08-26,107.83720138739707,Nationwide
2020-08-26,46.4637236616441,Northeast
2020-08-26,156.01574128516498,South
2020-08-26,95.03815516773636,West
2020-09-02,135.98510349846043,Midwest
2020-09-02,100.06726715890932,Nationwide
2020-09-02,64.39503415662098,Northeast
2020-09-02,127.19972493011636,South
2020-09-02,88.24668994886567,West
2020-09-09,113.14391090590384,Midwest
2020-09-09,76.43067251630019,Nationwide
2020-09-09,56.890532806408544,Northeast
2020-09-09,82.9280713965798,South
2020-09-09,73.58486373982397,West
2020-09-16,97.9696326242899,Midwest
2020-09-16,64.89499947593437,Nationwide
2020-09-16,54.16268059112173,Northeast
2020-09-16,64.10687853043198,South
2020-09-16,63.18266931537739,West
2020-09-23,108.18301538392431,Midwest
2020-09-23,67.44093812489189,Nationwide
2020-09-23,57.04856504307086,Northeast
2020-09-23,65.7611647428911,South
2020-09-23,60.51242775877055,West
2020-09-30,102.75747234136492,Midwest
2020-09-30,71.00047307645389,Nationwide
2020-09-30,57.180826857171866,Northeast
2020-09-30,69.0936374554946,South
2020-09-30,75.78294047978643,West
2020-10-07,147.9452638318652,Midwest
2020-10-07,92.59640210324528,Nationwide
2020-10-07,63.147088598471335,Northeast
2020-10-07,95.38830990594398,South
2020-10-07,98.49063389679247,West
2020-10-14,237.8594908280112,Midwest
2020-10-14,135.10752619566938,Nationwide
2020-10-14,85.1722200407602,Northeast
2020-10-14,136.00951573270254,South
2020-10-14,154.06568080748335,West
2020-10-21,363.2114746656165,Midwest
2020-10-21,170.11251424260868,Nationwide
2020-10-21,103.92638894057248,Northeast
2020-10-21,152.70606378438063,South
2020-10-21,193.31806086179685,West
2020-10-28,497.9243222982285,Midwest
2020-10-28,193.0249630751091,Nationwide
2020-10-28,134.7127235273364,Northeast
2020-10-28,145.06973839730378,South
2020-10-28,184.05113377989787,West
2020-11-04,662.1846615852288,Midwest
2020-11-04,293.26309480195823,Nationwide
2020-11-04,214.7330670568991,Northeast
2020-11-04,217.6114511321359,South
2020-11-04,330.838924402844,West
2020-11-11,850.6874114149572,Midwest
2020-11-11,467.4616819477148,Nationwide
2020-11-11,370.7864355160588,Northeast
2020-11-11,354.9773456999481,South
2020-11-11,643.481577018961,West
2020-11-18,1047.647038569511,Midwest
2020-11-18,562.8614959196581,Nationwide
2020-11-18,495.92159016385887,Northeast
2020-11-18,492.5556624979868,South
2020-11-18,525.1439386935044,West
2020-11-25,927.525348474834,Midwest
2020-11-25,621.821778427122,Nationwide
2020-11-25,642.5336422508176,Northeast
2020-11-25,627.7287963486156,South
2020-11-25,427.76067373517714,West
2020-12-02,746.8685116742639,Midwest
2020-12-02,627.5730922895708,Nationwide
2020-12-02,873.6472164602095,Northeast
2020-12-02,522.9931206823362,South
2020-12-02,438.78047065032086,West
2020-12-09,646.8180474230835,Midwest
2020-12-09,674.9153697603159,Nationwide
2020-12-09,971.6650322431832,Northeast
2020-12-09,559.1037609049622,South
2020-12-09,454.1876409251881,West
2020-12-16,887.1847448238896,Midwest
2020-12-16,724.7267757767809,Nationwide
2020-12-16,971.18964474798,Northeast
2020-12-16,584.2368200226119,South
2020-12-16,552.1273220116815,West
2020-12-23,1022.0046812978494,Midwest
2020-12-23,754.9466212794745,Nationwide
2020-12-23,906.876481740983,Northeast
2020-12-23,669.9131820941294,South
2020-12-23,548.8028434052561,West
2020-12-30,769.8928620307166,Midwest
2020-12-30,706.3291247132305,Nationwide
2020-12-30,904.4074496675038,Northeast
2020-12-30,575.8111891866192,South
2020-12-30,522.4207008779565,West
2021-01-06,881.8830090663747,Midwest
2021-01-06,812.1703412071824,Nationwide
2021-01-06,965.5470303525904,Northeast
2021-01-06,789.0216004714083,South
2021-01-06,485.89422399077097,West
2021-01-13,683.8642650561578,Nationwide
2021-01-13,853.0969243782265,Northeast
2021-01-13,664.0285249687641,South
2021-01-13,428.841602024077,West
2021-01-20,465.4069154176949,Midwest
2021-01-20,513.2933696469885,Nationwide
2021-01-20,703.2597958723765,Northeast
2021-01-20,492.62598696954245,South
2021-01-20,272.98591256937607,West
2021-01-27,545.6506651382733,Midwest
2021-01-27,395.1009278736298,Nationwide
2021-01-27,557.182472257932,Northeast
2021-01-27,349.2610070724596,South
2021-01-27,192.64782270149044,West
2021-02-03,387.2950185776404,Midwest
2021-02-03,306.3394538571097,Nationwide
2021-02-03,398.7230489400226,Northeast
2021-02-03,280.632517834746,South
2021-02-03,142.90867789388466,West
2021-02-10,146.64846319160475,Midwest
2021-02-10,227.26070614794665,Nationwide
2021-02-10,305.48311446256633,Northeast
2021-02-10,193.71964151654709,South
2021-02-10,135.2761449785166,West
2021-02-17,139.52804410654915,Midwest
2021-02-17,180.0767514084798,Nationwide
2021-02-17,291.66113618392365,Northeast
2021-02-17,138.32136020296485,South
2021-02-17,73.04980424787973,West
2021-02-24,106.52943909035548,Midwest
2021-02-24,182.65603593241488,Nationwide
2021-02-24,269.1176368268635,Northeast
2021-02-24,150.94683334699337,South
2021-02-24,54.08167471061842,West
2021-03-03,98.47197772372124,Midwest
2021-03-03,193.9925199150889,Nationwide
2021-03-03,256.1666393578618,Northeast
2021-03-03,188.81597085907504,South
2021-03-03,45.35484000569326,West
2021-03-10,80.3314080963817,Midwest
2021-03-10,188.76946784193137,Nationwide
2021-03-10,215.1086961504564,Northeast
2021-03-10,197.74742356018703,South
2021-03-10,41.64654266602641,West
2021-03-17,97.95900752825314,Midwest
2021-03-17,163.8644785479813,Nationwide
2021-03-17,241.83509638680832,Northeast
2021-03-17,132.30617709748034,South
2021-03-17,78.78380476972585,West
2021-03-24,83.50884535430292,Midwest
2021-03-24,180.99584037743207,Nationwide
2021-03-24,262.21234317071145,Northeast
2021-03-24,143.12469077875645,South
2021-03-24,103.63002576795029,West
2021-03-31,120.07228158084224,Midwest
2021-03-31,200.57910346210977,Nationwide
2021-03-31,281.79923009661377,Northeast
2021-03-31,171.3820528803734,South
2021-03-31,106.6161210434042,West
2021-04-07,184.55023209462755,Midwest
2021-04-07,204.25853451792864,Nationwide
2021-04-07,268.21493016299905,Northeast
2021-04-07,179.41324218393868,South
2021-04-07,107.05263157511956,West
2021-04-14,208.62094524055144,Midwest
2021-04-14,181.36278898069324,Nationwide
2021-04-14,232.4665052532483,Northeast
2021-04-14,159.441203131499,South
2021-04-14,113.46347679226513,West
2021-04-21,196.2066409736466,Midwest
2021-04-21,149.0813654306398,Nationwide
2021-04-21,174.99688524252971,Northeast
2021-04-21,129.39123017682104,South
2021-04-21,129.42325319504985,West
2021-04-28,174.05690319824762,Midwest
2021-04-28,121.69521957691954,Nationwide
2021-04-28,138.75621848903614,Northeast
2021-04-28,106.80280153073068,South
2021-04-28,112.43919280488252,West
2021-05-05,116.75101836254096,Midwest
2021-05-05,84.1731219715001,Nationwide
2021-05-05,103.88544168362624,Northeast
2021-05-05,71.40417790844313,South
2021-05-05,77.11401898353887,West
2021-05-12,106.29964482022136,Midwest
2021-05-12,70.17504437322921,Nationwide
2021-05-12,84.75383420612363,Northeast
2021-05-12,62.316066461194886,South
2021-05-12,53.53607548085347,West
2021-05-19,87.12637209535002,Midwest
2021-05-19,57.92852178426531,Nationwide
2021-05-19,60.55659914061488,Northeast
2021-05-19,52.13478862835351,South
2021-05-19,75.07597893047256,West
2021-05-26,33.95052362473485,Midwest
2021-05-26,39.69683603813408,Nationwide
2021-05-26,39.63647408200082,Northeast
2021-05-26,34.80469438094273,South
2021-05-26,90.88867113280024,West
2021-06-02,23.435829790490704,Midwest
2021-06-02,41.75552552404383,Nationwide
2021-06-02,31.095954360770676,Northeast
2021-06-02,42.84078480767175,South
2021-06-02,91.40794302020532,West
2021-06-09,31.323981032108843,Midwest
2021-06-09,53.79346962825522,Nationwide
2021-06-09,44.83112859279812,Northeast
2021-06-09,71.69124264908757,South
2021-06-09,59.07890654170547,West
2021-06-16,38.42824249354374,Midwest
2021-06-16,58.775090515660445,Nationwide
2021-06-16,52.30488780631697,Northeast
2021-06-16,70.93099324293138,South
2021-06-16,66.94331253206938,West
2021-06-23,46.72016279857612,Midwest
2021-06-23,64.14770170624304,Nationwide
2021-06-23,46.48093242428684,Northeast
2021-06-23,72.99473316664692,South
2021-06-23,87.16629107241054,West
2021-06-30,32.95149267268527,Midwest
2021-06-30,67.40161665790855,Nationwide
2021-06-30,51.64962646450243,Northeast
2021-06-30,83.55160885819659,South
2021-06-30,94.7414399890604,West
2021-07-07,35.25487965196112,Midwest
2021-07-07,84.24008503841632,Nationwide
2021-07-07,61.17683532036429,Northeast
2021-07-07,121.8023125785348,South
2021-07-07,105.21355745920562,West
2021-07-14,63.68493929052088,Midwest
2021-07-14,120.90674886187632,Nationwide
2021-07-14,77.65636887547906,Northeast
2021-07-14,199.0534962523435,South
2021-07-14,122.4277347203632,West
2021-07-21,109.71067105454404,Midwest
2021-07-21,204.57209603241665,Nationwide
2021-07-21,139.30135200449772,Northeast
2021-07-21,352.4317997438988,South
2021-07-21,182.3452092343871,West
2021-07-28,141.16712300227775,Midwest
2021-07-28,315.2230390073128,Nationwide
2021-07-28,240.1592960445565,Northeast
2021-07-28,534.1499419040065,South
2021-07-28,285.3140797746018,West
2021-08-04,201.80866878856227,Midwest
2021-08-04,408.4410978261231,Nationwide
2021-08-04,325.37637142154614,Northeast
2021-08-04,680.4186575985353,South
2021-08-04,355.4601394408524,West
2021-08-11,255.6684721015264,Midwest
2021-08-11,450.9762613579906,Nationwide
2021-08-11,348.3340696767341,Northeast
2021-08-11,724.8998813386656,South
2021-08-11,402.25970323524217,West
2021-08-18,289.52585881563925,Midwest
2021-08-18,493.4967448740618,Nationwide
2021-08-18,354.72322328716945,Northeast
2021-08-18,786.6219977938568,South
2021-08-18,430.187515686614,West
2021-08-25,463.9455691976119,Midwest
2021-08-25,648.9315663302403,Nationwide
2021-08-25,383.8264622564373,Northeast
2021-08-25,968.396250570132,South
2021-08-25,476.9005071708198,West
2021-09-01,555.1305675481773,Midwest
2021-09-01,758.0121488037139,Nationwide
2021-09-01,419.8680146506201,Northeast
2021-09-01,1221.6646236335398,South
2021-09-01,432.84588372843496,West
2021-09-08,518.9192750966653,Midwest
2021-09-08,691.5077102322288,Nationwide
2021-09-08,400.0990368239695,Northeast
2021-09-08,1108.500708844995,South
2021-09-08,472.42362706410375,West
2021-09-15,582.7144591068173,Midwest
2021-09-15,593.8591986047645,Nationwide
2021-09-15,464.4577229235888,Northeast
2021-09-15,739.7901730852691,South
2021-09-15,516.7278143640154,West
2021-09-22,551.5500595882,Midwest
2021-09-22,482.5770399242189,Nationwide
2021-09-22,454.714099790402,Northeast
2021-09-22,502.9998973441547,South
2021-09-22,391.0375396595866,West
2021-09-29,536.8603963180144,Midwest
2021-09-29,485.1749619891722,Nationwide
2021-09-29,547.8678294102777,Northeast
2021-09-29,409.6295904530692,South
2021-09-29,459.1680866896504,West
2021-10-06,514.2644122274547,Midwest
2021-10-06,470.1366427372395,Nationwide
2021-10-06,598.4320076244979,Northeast
2021-10-06,341.8547207376004,South
2021-10-06,471.2997928154418,West
2021-10-13,554.2771884271953,Midwest
2021-10-13,407.47554395164985,Nationwide
2021-10-13,519.9263001866271,Northeast
2021-10-13,271.00902698378394,South
2021-10-13,295.51132862910475,West
2021-10-20,461.44784297120367,Midwest
2021-10-20,403.52073973486927,Nationwide
2021-10-20,496.4158667474683,Northeast
2021-10-20,279.7929256174909,South
2021-10-20,374.64663349028,West
2021-10-27,465.9422243468138,Midwest
2021-10-27,485.1314548713646,Nationwide
2021-10-27,578.85099028157,Northeast
2021-10-27,332.7275938018709,South
2021-10-27,678.8217717543222,West
2021-11-03,483.50388048325794,Midwest
2021-11-03,505.73881935039,Nationwide
2021-11-03,649.317633562987,Northeast
2021-11-03,320.76440369855646,South
2021-11-03,635.306625040482,West
2021-11-10,523.4587330817913,Midwest
2021-11-10,563.5219446467295,Nationwide
2021-11-10,858.0580669319652,Northeast
2021-11-10,293.7219612282156,South
2021-11-10,496.0541862690411,West
2021-11-17,767.503828177475,Midwest
2021-11-17,685.9690172370115,Nationwide
2021-11-17,1077.2406161437675,Northeast
2021-11-17,297.3748941868916,South
2021-11-17,616.4031446330375,West
2021-11-24,1177.4809948912018,Midwest
2021-11-24,918.4789448407574,Nationwide
2021-11-24,1312.680040072048,Northeast
2021-11-24,428.6290791030019,South
2021-11-24,802.2692126839435,West
2021-12-01,1368.027439263855,Midwest
2021-12-01,1186.919558490437,Nationwide
2021-12-01,1834.6522760779608,Northeast
2021-12-01,624.1253814991882,South
2021-12-01,630.4857304994383,West
2021-12-08,1439.957941679513,Midwest
2021-12-08,1203.3582786259317,Nationwide
2021-12-08,1767.7630467551685,Northeast
2021-12-08,757.5448956452425,South
2021-12-08,461.9635356108799,West
2021-12-15,1400.1211457577615,Midwest
2021-12-15,1530.8209948769224,Nationwide
2021-12-15,2065.585516382983,Northeast
2021-12-15,1305.438012848411,South
2021-12-15,674.4248662563132,West
2021-12-22,1270.646942599525,Midwest
2021-12-22,2807.5206453288515,Nationwide
2021-12-22,3859.127581926932,Northeast
2021-12-22,2810.9887146163023,South
2021-12-22,1311.8765640735735,West
2021-12-29,2498.471577877994,Midwest
2021-12-29,4554.154081603559,Nationwide
2021-12-29,7321.260456883693,Northeast
2021-12-29,3273.8788848735544,South
2021-12-29,2872.7620783132056,West
2022-01-05,3678.920973416271,Midwest
2022-01-05,4528.530359857398,Nationwide
2022-01-05,6749.073798292619,Northeast
2022-01-05,3108.5672500179985,South
2022-01-05,2930.9178183475465,West
2022-01-12,3084.535327449724,Midwest
2022-01-12,3418.1830207728767,Nationwide
2022-01-12,4064.2612546036394,Northeast
2022-01-12,3213.310660086104,South
2022-01-12,2059.92041151923,West
2022-01-19,2368.3581480943035,Midwest
2022-01-19,2111.638338531928,Nationwide
2022-01-19,2097.503850913444,Northeast
2022-01-19,2189.3267102479167,South
2022-01-19,1470.549381389955,West
2022-01-26,1392.5295259617988,Midwest
2022-01-26,1412.3369952798764,Nationwide
2022-01-26,1258.7240987145285,Northeast
2022-01-26,1702.122605755213,South
2022-01-26,1099.9538801854203,West
2022-02-02,639.9234048346874,Midwest
2022-02-02,861.0584965010739,Nationwide
2022-02-02,727.3146036941886,Northeast
2022-02-02,1150.4072098165975,South
2022-02-02,722.9217473003476,West
2022-02-09,388.10055476430495,Midwest
2022-02-09,417.6991855833532,Nationwide
2022-02-09,366.35561630865885,Northeast
2022-02-09,497.6885246396178,South
2022-02-09,364.4179161284541,West
2022-02-16,263.54740323880674,Midwest
2022-02-16,233.16157180329927,Nationwide
2022-02-16,213.0898473597008,Northeast
2022-02-16,240.8466458410528,South
2022-02-16,213.7955504491873,West
2022-02-23,191.3778725498705,Midwest
2022-02-23,157.0750494104599,Nationwide
2022-02-23,156.4054336022314,Northeast
2022-02-23,150.19229139009263,South
2022-02-23,136.09430426985324,West
2022-03-02,135.02767418535026,Midwest
2022-03-02,121.53034096782488,Nationwide
2022-03-02,145.6377692042366,Northeast
2022-03-02,110.4434914633448,South
2022-03-02,95.1503071408992,West
2022-03-09,112.47278896772367,Midwest
2022-03-09,110.66010921582932,Nationwide
2022-03-09,151.96448945386,Northeast
2022-03-09,92.36169847293566,South
2022-03-09,84.56524409588916,West
2022-03-16,114.3399742867822,Midwest
2022-03-16,117.5193762430139,Nationwide
2022-03-16,184.50887737742417,Northeast
2022-03-16,87.14199502802165,South
2022-03-16,83.72160654293516,West
2022-03-23,114.44820786061648,Midwest
2022-03-23,123.85714266606315,Nationwide
2022-03-23,197.9141168687377,Northeast
2022-03-23,92.24866328200268,South
2022-03-23,86.2330134346007,West
2022-03-30,156.47639654976817,Midwest
2022-03-30,172.2569914133834,Nationwide
2022-03-30,278.61649263456167,Northeast
2022-03-30,135.8224496659603,South
2022-03-30,104.10917872050976,West
2022-04-06,221.6279993375349,Midwest
2022-04-06,241.9770111838101,Nationwide
2022-04-06,400.67964670406326,Northeast
2022-04-06,186.36760506040468,South
2022-04-06,141.4030106794419,West
2022-04-13,280.1695530826857,Midwest
2022-04-13,298.8496694227551,Nationwide
2022-04-13,507.135086342123,Northeast
2022-04-13,216.795725032934,South
2022-04-13,188.34814904292088,West
2022-04-20,318.86820225449696,Midwest
2022-04-20,344.780128860786,Nationwide
2022-04-20,527.7436075112029,Northeast
2022-04-20,248.21475876936012,South
2022-04-20,306.31614109379115,West
2022-04-27,366.8980200558324,Midwest
2022-04-27,424.61250523770286,Nationwide
2022-04-27,579.1879672620161,Northeast
2022-04-27,319.445245941318,South
2022-04-27,452.302909098078,West
2022-05-04,455.4925208507752,Midwest
2022-05-04,496.4213757500188,Nationwide
2022-05-04,781.129954031216,Northeast
2022-05-04,361.5579382758553,South
2022-05-04,403.6081779888048,West
2022-05-11,618.2736342847669,Midwest
2022-05-11,648.9823665410903,Nationwide
2022-05-11,1042.3513605395294,Northeast
2022-05-11,491.3982208118306,South
2022-05-11,467.5377702855933,West
2022-05-18,611.4854634004015,Midwest
2022-05-18,735.7478036989287,Nationwide
2022-05-18,1029.424748322052,Northeast
2022-05-18,665.5686230476232,South
2022-05-18,623.6515074945369,West
2022-05-25,628.7024414619348,Midwest
2022-05-25,747.154810712716,Nationwide
2022-05-25,872.573858087332,Northeast
2022-05-25,719.3942472706909,South
2022-05-25,747.5887312715273,West
2022-06-01,614.0919801338024,Midwest
2022-06-01,766.1112124015664,Nationwide
2022-06-01,792.8286507242656,Northeast
2022-06-01,740.3490708498513,South
2022-06-01,865.9741697374126,West
2022-06-08,621.6645972669054,Midwest
2022-06-08,792.7865645765925,Nationwide
2022-06-08,710.6562520124047,Northeast
2022-06-08,769.5717084117103,South
2022-06-08,969.9573738681568,West
2022-06-15,655.1698548648126,Midwest
2022-06-15,788.6362332183406,Nationwide
2022-06-15,699.3200596318558,Northeast
2022-06-15,772.581608387471,South
2022-06-15,968.4215961132865,West
2022-06-22,651.1717585452049,Midwest
2022-06-22,826.6768103075743,Nationwide
2022-06-22,723.113259833725,Northeast
2022-06-22,835.0316309682511,South
2022-06-22,1038.5352552157674,West
2022-06-29,695.2989759223615,Midwest
2022-06-29,854.0595747390753,Nationwide
2022-06-29,846.2498655749272,Northeast
2022-06-29,809.1022230987932,South
2022-06-29,1026.00566601972,West
2022-07-06,861.6655747162762,Midwest
2022-07-06,1004.7599343791452,Nationwide
2022-07-06,1020.2993559722346,Northeast
2022-07-06,991.0885565217052,South
2022-07-06,1091.8407598496954,West
2022-07-13,1002.3872043559722,Midwest
2022-07-13,1142.1924948640133,Nationwide
2022-07-13,1172.689413780554,Northeast
2022-07-13,1195.572837028578,South
2022-07-13,1113.2350677320062,West
2022-07-20,1077.4081946212384,Midwest
2022-07-20,1142.053614602142,Nationwide
2022-07-20,1152.9872318926484,Northeast
2022-07-20,1206.2087348305392,South
2022-07-20,1080.3200921924808,West
2022-07-27,947.1677860854616,Midwest
2022-07-27,1038.990228531913,Nationwide
2022-07-27,1114.4489366900905,Northeast
2022-07-27,1130.1565670221823,South
2022-07-27,891.2714118854183,West
2022-08-03,947.4078145848816,Midwest
2022-08-03,921.4445797309908,Nationwide
2022-08-03,1007.179539036933,Northeast
2022-08-03,966.14831979154,South
2022-08-03,752.1930685669086,West
2022-08-10,924.8597028927976,Midwest
2022-08-10,794.25456241827,Nationwide
2022-08-10,870.7076589162303,Northeast
2022-08-10,779.7161647226445,South
2022-08-10,651.7828009635756,West
2022-08-17,825.1303135057343,Midwest
2022-08-17,716.0798272103011,Nationwide
2022-08-17,824.1112248251429,Northeast
2022-08-17,699.0040752287658,South
2022-08-17,551.0889455050773,West
2022-08-24,803.2189190431767,Midwest
2022-08-24,692.6137163861131,Nationwide
2022-08-24,768.2447904016113,Northeast
2022-08-24,697.0550114553444,South
2022-08-24,536.0236462761483,West
2022-08-31,846.047145569341,Midwest
2022-08-31,744.6074864320653,Nationwide
2022-08-31,817.0181564519808,Northeast
2022-08-31,773.3938283300373,South
2022-08-31,558.567848977586,West
2022-09-07,834.2693348726363,Midwest
2022-09-07,785.5072957383815,Nationwide
2022-09-07,985.1355151825512,Northeast
2022-09-07,744.4371984641007,South
2022-09-07,577.9450597446938,West
2022-09-14,733.3534040383546,Midwest
2022-09-14,753.2042885901091,Nationwide
2022-09-14,1022.5860956908458,Northeast
2022-09-14,628.9466897026564,South
2022-09-14,578.9363899792046,West
2022-09-21,527.2067860358369,Midwest
2022-09-21,692.7240187011083,Nationwide
2022-09-21,1061.9790181446976,Northeast
2022-09-21,433.1410877000576,South
2022-09-21,549.505705726514,West
2022-09-28,579.4480358841561,Midwest
2022-09-28,639.8599189995616,Nationwide
2022-09-28,1004.342192081052,Northeast
2022-09-28,420.266590479413,South
2022-09-28,535.0471256478035,West
2022-10-05,570.3269742011914,Midwest
2022-10-05,612.9436538182441,Nationwide
2022-10-05,1022.2387531429328,Northeast
2022-10-05,393.490207119971,South
2022-10-05,487.40958674576297,West
2022-10-12,611.4811611237881,Midwest
2022-10-12,650.5836874143728,Nationwide
2022-10-12,1088.000046624731,Northeast
2022-10-12,430.10318118634274,South
2022-10-12,499.4296429745321,West
2022-10-19,665.8435190535479,Midwest
2022-10-19,622.9773730923444,Nationwide
2022-10-19,993.3076807220518,Northeast
2022-10-19,401.72360961752,South
2022-10-19,493.3696633586471,West
2022-10-26,609.8990859212186,Midwest
2022-10-26,535.8844265171518,Nationwide
2022-10-26,747.517994875483,Northeast
2022-10-26,369.101069039541,South
2022-10-26,492.0442483502593,West
2022-11-02,599.3355393428646,Midwest
2022-11-02,543.7677175883297,Nationwide
2022-11-02,724.9986352429396,Northeast
2022-11-02,382.8628305177601,South
2022-11-02,532.358325261367,West
2022-11-09,623.1252759278074,Midwest
2022-11-09,555.4645033773116,Nationwide
2022-11-09,711.7823729725006,Northeast
2022-11-09,385.1247449942424,South
2022-11-09,591.3042571896016,West
2022-11-16,624.664533933113,Midwest
2022-11-16,610.2889681876221,Nationwide
2022-11-16,758.4712124913655,Northeast
2022-11-16,428.1971548275277,South
2022-11-16,703.4757902770008,West
2022-11-23,682.4434893650977,Midwest
2022-11-23,722.6414206560299,Nationwide
2022-11-23,857.7083317993884,Northeast
2022-11-23,536.1167605046338,South
2022-11-23,865.1450121088147,West
2022-11-30,959.2156522232964,Midwest
2022-11-30,909.5488868477256,Nationwide
2022-11-30,1166.7240111780222,Northeast
2022-11-30,696.0426326849802,South
2022-11-30,895.0727036033195,West
2022-12-07,1052.0761656367513,Midwest
2022-12-07,956.203005013444,Nationwide
2022-12-07,1275.0164275695415,Northeast
2022-12-07,764.7088790801431,South
2022-12-07,805.6494172427482,West
2022-12-14,1010.4320534572056,Midwest
2022-12-14,996.2015361337908,Nationwide
2022-12-14,1372.7530602979916,Northeast
2022-12-14,837.9029376595607,South
2022-12-14,737.374379908489,West
2022-12-21,1025.486349212778,Midwest
2022-12-21,1085.634689832498,Nationwide
2022-12-21,1622.9553997994435,Northeast
2022-12-21,897.3980536167996,South
2022-12-21,648.700525834663,West
2022-12-28,987.3100635212136,Midwest
2022-12-28,1159.5869734228547,Nationwide
2022-12-28,1749.096276176415,Northeast
2022-12-28,1036.1862611738736,South
2022-12-28,644.8945639503369,West
2023-01-04,747.1957017975616,Midwest
2023-01-04,1058.74415426437,Nationwide
2023-01-04,1583.9608107072215,Northeast
2023-01-04,1035.701122268504,South
2023-01-04,607.3317556057699,West
2023-01-11,605.3923679190453,Midwest
2023-01-11,827.7362906769508,Nationwide
2023-01-11,1220.8743301999457,Northeast
2023-01-11,801.8188224625143,South
2023-01-11,508.3400813420526,West
2023-01-18,601.3282443598158,Midwest
2023-01-18,759.2548573191675,Nationwide
2023-01-18,1093.035168395446,Northeast
2023-01-18,721.5700730005577,South
2023-01-18,490.93082375478406,West
2023-01-25,611.6384090401835,Midwest
2023-01-25,719.6583270590135,Nationwide
2023-01-25,940.9757918648568,Northeast
2023-01-25,706.4093637322072,South
2023-01-25,522.7211573460023,West
2023-02-01,637.568748739783,Midwest
2023-02-01,686.324014316881,Nationwide
2023-02-01,865.5628327366302,Northeast
2023-02-01,665.739620223294,South
2023-02-01,515.1399570720583,West
2023-02-08,733.6765098361551,Midwest
2023-02-08,665.9673626416474,Nationwide
2023-02-08,788.0081674704185,Northeast
2023-02-08,610.4175893075982,South
2023-02-08,551.6984980838245,West
2023-02-15,685.6005857520901,Midwest
2023-02-15,619.4707318239826,Nationwide
2023-02-15,703.9861014031718,Northeast
2023-02-15,557.6273815747294,South
2023-02-15,565.4183138675718,West
2023-02-22,647.0807439191173,Midwest
2023-02-22,524.6230742284623,Nationwide
2023-02-22,559.792403294772,Northeast
2023-02-22,470.6354836530906,South
2023-02-22,489.1789633773204,West
2023-03-01,576.8579329996471,Midwest
2023-03-01,443.06002185448136,Nationwide
2023-03-01,440.1484853799323,Northeast
2023-03-01,388.52230807289817,South
2023-03-01,452.8698572515138,West
2023-03-08,523.1345317831184,Midwest
2023-03-08,386.6663816676085,Nationwide
2023-03-08,347.48101728577467,Northeast
2023-03-08,354.2074480354654,South
2023-03-08,408.7520127917244,West
2023-03-15,547.8159450552841,Midwest
2023-03-15,365.5864659871447,Nationwide
2023-03-15,345.1472158640292,Northeast
2023-03-15,304.5315280906289,South
2023-03-15,376.5273360119677,West
2023-03-22,544.3966225569403,Midwest
2023-03-22,381.5885036355962,Nationwide
2023-03-22,348.4944152293165,Northeast
2023-03-22,330.8991613469151,South
2023-03-22,401.5032641112329,West
2023-03-29,361.0754399525092,Midwest
2023-03-29,286.50085339798,Nationwide
2023-03-29,257.17534765415934,Northeast
2023-03-29,247.9734279668995,South
2023-03-29,333.8592040724246,West
2023-04-05,313.81223104314114,Midwest
2023-04-05,268.55851283129715,Nationwide
2023-04-05,230.78166132215827,Northeast
2023-04-05,234.71306293171375,South
2023-04-05,337.9112600079505,West
2023-04-12,281.2670496095423,Midwest
2023-04-12,245.6931312753944,Nationwide
2023-04-12,200.70390579588835,Northeast
2023-04-12,215.4576842617017,South
2023-04-12,324.4023431802114,West
2023-04-19,220.2263589476589,Midwest
2023-04-19,224.6620600839424,Nationwide
2023-04-19,176.8236743057624,Northeast
2023-04-19,203.95076794527785,South
2023-04-19,316.67040492353266,West
2023-04-26,260.156810455482,Midwest
2023-04-26,240.378473148808,Nationwide
2023-04-26,195.90099516014908,Northeast
2023-04-26,221.71725712596827,South
2023-04-26,311.9193466112341,West
